provider_id,npi,first_name,last_name,full_name,specialty,phone,email,address,city,state,zip_code,license_number,license_state,license_expiry,board_certified,accepting_new_patients,years_in_practice,medical_school,graduation_year,hospital_affiliations,languages,data_quality_issue,last_updated,record_status,has_pdf_documents
1,8890066310,Danielle,Johnson,Dr. Danielle Johnson,Family Medicine,533-521-8196x001,danielle.johnson@guzman.net,79402 Peterson Drives Apt. 511,Davisstad,FL,79632,NY128032,FL,2027-05-27,True,True,34,Roman-Blair Medical School,1981,"Martinez, Nielsen and Miller Hospital, Calderon-Montgomery Hospital",French,,2025-07-13,active,False
2,5250529286,Michelle,Ray,Dr. Michelle Ray,Neurology,001-410-734-1316x475,michelle.ray@clark-adams.com,327 Nelson Route,Lake Mark,NY,07832,GA225474,GA,2028-07-17,False,False,38,Underwood LLC Medical School,2004,"Adams-Clark Hospital, Walter, Edwards and Rios Hospital, Wilkerson-Day Hospital","Spanish, Chinese, English",,2024-10-02,active,True
3,2579642475,Douglas,Taylor,Dr. Douglas Taylor,Rheumatology,001-388-249-6965x3287,old_meagan89@example.org,6978 Maddox Wall,Lake Jenniferside,CA,98920,NC502210,PA,2027-09-28,True,False,27,Mack-Peterson Medical School,1990,"Graham-Chavez Hospital, Liu, Baker and Mason Hospital, Romero Inc Hospital",Spanish,Email may be inactive,2024-07-16,active,False
4,8942577767,Eric,Farmer,Dr. Eric Farmer,Ophthalmology,+1-680-595-7015,eric.farmer@allen.com,718 David Mountains,West Allison,OH,80008,PA674805,IL,2028-02-23,False,True,38,Brandt-Hickman Medical School,1996,"Vaughn, Marquez and Ross Hospital, Santos, Kim and Holmes Hospital, Wright Inc Hospital",Arabic,,2023-11-06,active,False
5,3365656181,Matthew,Chapman,Dr. Matthew Chapman,Endocrinology,793.301.0310,matthew.chapman@young.com,76311 Gomez Loop Suite 010,Chandlerville,FL,33092,FL113092,CA,2027-10-17,True,True,7,Lee Group Medical School,2006,"Henderson LLC Hospital, Wright-Leblanc Hospital, Morton-Chase Hospital","Spanish, Arabic, French",Provider may have relocated,2025-02-23,active,True
6,9966451311,Corey,Pearson,Dr. Corey Pearson,Pathology,+1-801-232-6773,corey.pearson@gray.com,6872 Kenneth Centers Apt. 500,Shawhaven,FL,21136,NY992821,MI,2026-07-06,True,True,19,Yu Inc Medical School,2012,"Jones Inc Hospital, Hensley, Powell and David Hospital, Sanchez, Wheeler and Harvey Hospital",Chinese,,2024-12-27,active,True
7,5647015739,Robert,Silva,Dr. Robert Silva,Anesthesiology,954.335.3462x47510,robert.silva@medina.com,1354 Samuel Plains,Cherylhaven,CA,01526,CA382630,CA,2025-04-02,False,True,34,"Montoya, Evans and Alvarado Medical School",2002,"Baker Inc Hospital, Tran, Nelson and Jacobs Hospital, Cooper, Watts and Farrell Hospital",Spanish,License may be expired,2023-11-04,active,False
8,1548450767,William,King,Dr. William King,Radiology,4169400524,william.king@thornton.com,9826 Bobby Lakes,West Jasonbury,GA,87917,NC782935,MI,2026-03-02,False,True,11,Gomez PLC Medical School,2011,"Dickson-Brady Hospital, Hancock and Sons Hospital, Johnson-Doyle Hospital","French, Arabic, Spanish",Specialty verification needed,2024-12-09,active,False
9,8677225012,Martin,Galvan,Dr. Martin Galvan,Rheumatology,+1-534-221-6073x37543,martin.galvan@lee.com,868 Crosby Crescent Suite 294,North Candacestad,CA,95992,CA353376,TX,2025-07-01,False,True,25,Graham-Joyce Medical School,2020,Cruz PLC Hospital,Hindi,License may be expired,2025-10-13,active,True
10,9494237125,James,Williams,Dr. James Williams,Emergency Medicine,(608)883-5615x95148,james.williams@powell-phillips.com,34332 Brandon Mountains Apt. 769,Lake Heather,CA,76520,CA992588,TX,2027-07-21,True,True,23,"Pena, Marshall and Ramos Medical School",2003,"Dixon Ltd Hospital, Hopkins LLC Hospital","Hindi, English, Arabic",Address verification needed,2024-08-06,active,True
11,4097736319,Troy,Sanchez,Dr. Troy Sanchez,Cardiology,+1-401-963-2870x8317,troy.sanchez@schmidt.info,727 Green Gateway Suite 873,Scottport,FL,31236,PA177642,FL,2025-03-10,True,True,20,Rogers-Orozco Medical School,1996,"Taylor and Sons Hospital, Benson-Mccarthy Hospital, Perry LLC Hospital",Spanish,License may be expired,2025-01-02,active,False
12,5648144885,Amy,Perry,Dr. Amy Perry,Psychiatry,766.690.9670,amy.perry@castaneda-ashley.biz,3467 Paul Skyway,Ramseymouth,OH,17229,CA618630,PA,2024-11-07,True,False,38,"Ferguson, Meadows and Vargas Medical School",2013,"Johnson, Day and Taylor Hospital, White-Green Hospital, Lewis-Murphy Hospital","English, Chinese",License may be expired,2025-07-20,active,True
13,3437689989,Kathleen,Gray,Dr. Kathleen Gray,Anesthesiology,001-564-217-0805x31003,kathleen.gray@hernandez.org,4529 Kimberly Estates,Danieltown,NC,41389,GA138444,MI,2027-05-21,False,True,17,"Byrd, Rubio and Sanders Medical School",1990,"Gonzalez, Vargas and Rivas Hospital, Garcia LLC Hospital","Chinese, Arabic",,2023-12-18,active,True
14,5500193939,Melissa,Burke,Dr. Melissa Burke,Radiology,790-258-6518,melissa.burke@short-garcia.com,262 Gilbert Plain Suite 769,Marcusbury,GA,11860,PA647511,IL,2026-04-30,True,False,9,Keith-Sanchez Medical School,1994,"Hudson-Barnett Hospital, Johnson-Rosales Hospital, Freeman LLC Hospital","English, Hindi",,2024-11-23,active,False
15,4938821136,Lauren,Peterson,Dr. Lauren Peterson,Pulmonology,+1-948-908-3136x783,lauren.peterson@mcguire-davis.com,349 Kennedy Pines Suite 685,Jacquelineview,MI,40690,MI345449,GA,2026-04-24,True,True,5,Hall-Griffith Medical School,1999,"Wilson-Herrera Hospital, Lopez, Robinson and Washington Hospital, Lawrence, Wolf and Carlson Hospital","Arabic, Chinese, English",,2024-11-20,active,False
16,3377199329,Tina,Wall,Dr. Tina Wall,Obstetrics & Gynecology,435-924-0824x0084,tina.wall@salas.com,7520 Everett Neck Apt. 167,New Crystalton,IL,20388,TX516291,PA,2028-01-30,True,True,27,Shepherd LLC Medical School,2008,"Mcknight Inc Hospital, Duran, Obrien and Gibbs Hospital",French,,2023-11-09,active,False
17,5202172566,Jeremiah,Mills,Dr. Jeremiah Mills,Pulmonology,574.696.4990x913,jeremiah.mills@miller.com,7974 Jesse Squares,Jacquelinemouth,FL,09830,TX997034,NY,2028-02-01,False,True,12,"Hall, Baker and Moody Medical School",2006,"Guerrero, Peck and Coleman Hospital","Hindi, French",,2025-05-27,active,True
18,2348574243,Amy,Holland,Dr. Amy Holland,Internal Medicine,621-802-4994x717,amy.holland@mason-snyder.com,5940 Jeremy Spring,Port Emilyview,FL,76030,MI809540,FL,2025-11-28,False,False,29,Hines and Sons Medical School,1992,"Stone-Ramos Hospital, White-Richards Hospital, Olsen, Costa and Harrison Hospital","Chinese, Hindi, French",,2024-01-12,active,True
19,1946498007,Ricky,Morris,Dr. Ricky Morris,Anesthesiology,925-367-4680,ricky.morris@king-wilson.biz,248 Andrea Course,Port Robin,GA,27181,NC529808,IL,2027-01-13,False,False,36,Dunn-Pennington Medical School,2008,"Gilmore-Washington Hospital, Dudley PLC Hospital","Arabic, French",Address verification needed,2024-05-20,active,False
20,8987325754,Steven,Wilson,Dr. Steven Wilson,Internal Medicine,(974)484-6773,steven.wilson@lee-greene.com,6584 Justin Hills,Grimesmouth,FL,71093,FL462169,TX,2027-11-09,False,True,7,Reed-Arnold Medical School,1985,"Bennett, Cantu and Kane Hospital",Chinese,,2024-09-11,active,True
21,6886634073,Tina,Allen,Dr. Tina Allen,Pediatrics,(736)305-7662x7028,tina.allen@garcia-lozano.com,2174 Hanson Locks,Port Markside,PA,50309,CA302784,NC,2026-09-24,True,True,23,Sims-Clay Medical School,2003,"Brennan-Johnson Hospital, Young Ltd Hospital",Spanish,,2024-10-29,active,True
22,4698610380,Samantha,Bright,Dr. Samantha Bright,Neurology,001-716-711-7240x0504,old_charleslandry@example.net,21969 Tyler Prairie,East Steven,IL,33790,TX909508,TX,2027-02-24,False,True,23,Scott-Smith Medical School,2019,Santana-Byrd Hospital,"Hindi, English",Email may be inactive,2025-03-05,active,True
23,2547542884,Kevin,Hayden,Dr. Kevin Hayden,Dermatology,001-647-643-6713x695,kevin.hayden@spence.biz,90974 Catherine Knoll Apt. 394,Lake Colton,IL,82743,FL416138,NY,2028-01-09,True,True,31,"Williams, Kramer and Johnson Medical School",1983,Oconnor-Davis Hospital,Hindi,,2024-05-08,active,True
24,4565441268,Kenneth,Burgess,Dr. Kenneth Burgess,Pathology,(632)985-8842,kenneth.burgess@francis-morgan.com,23685 Krystal Bridge Suite 817,Emilyview,MI,77120,MI194748,CA,2028-01-25,False,False,6,Carson-Bentley Medical School,2007,"Leonard Group Hospital, Harvey PLC Hospital, Herman-Walker Hospital","Spanish, Hindi, English",,2025-04-18,active,True
25,6310633923,Bryan,Colon,Dr. Bryan Colon,Pulmonology,001-446-812-0047x113,old_rushmadison@example.org,261 Gilbert Harbors Apt. 537,Sampsonstad,NY,13523,PA661426,GA,2026-02-08,True,False,38,"Richardson, Winters and Newman Medical School",1991,Sanders and Sons Hospital,Arabic,Email may be inactive,2025-07-29,active,False
26,4108721675,Elizabeth,May,Dr. Elizabeth May,Rheumatology,+1-500-553-2931x839,elizabeth.may@schroeder-kramer.org,2284 Daniel Way,East Alexisbury,TX,77683,OH295501,IL,2026-03-25,False,True,25,Smith-Baker Medical School,1996,Harmon PLC Hospital,English,Specialty verification needed,2023-11-28,active,True
27,3000446618,Daniel,Brown,Dr. Daniel Brown,Psychiatry,958.291.7839x084,daniel.brown@lutz.biz,7115 Cameron Harbor,Oscarhaven,NC,39153,NC367314,OH,2027-08-13,True,False,5,Wagner-Jordan Medical School,1981,"Wilson, Pena and Rich Hospital, Le, Lewis and Hayes Hospital","Spanish, Arabic",,2024-10-20,active,False
28,9468083174,Jeremy,Morgan,Dr. Jeremy Morgan,Neurology,366.315.6545x271,jeremy.morgan@reynolds.com,098 Santiago Loop,Morganchester,IL,95011,NC110013,MI,2026-12-05,True,False,35,Schmitt PLC Medical School,1999,"Bell-Lane Hospital, Moore Group Hospital",Spanish,Specialty verification needed,2025-01-08,active,True
29,8110565809,Jeffrey,Rodriguez,Dr. Jeffrey Rodriguez,Endocrinology,+1-251-649-3689,jeffrey.rodriguez@white.com,0229 Jones Streets Apt. 183,Barnesmouth,OH,21132,FL167989,MI,2026-03-25,True,False,31,Collins-Nguyen Medical School,2009,"Carlson, Ware and Moore Hospital, Williams, Miller and Ramos Hospital","French, Chinese",,2025-03-28,active,True
30,9666061749,Roger,Lawson,Dr. Roger Lawson,Pathology,(543)881-5614x97840,roger.lawson@brown.com,5107 Thompson Light Apt. 885,South Michelleton,FL,57677,OH423590,OH,2027-04-27,False,True,2,Stevens Inc Medical School,2001,"Johnston-Berry Hospital, Bowman, Roberts and Sullivan Hospital, Jackson-Meza Hospital","French, Spanish",,2024-01-08,active,True
31,4634484659,Steve,Norris,Dr. Steve Norris,Family Medicine,(716)513-6968x164,steve.norris@maxwell-jones.com,5231 Jonathan Extensions,Port Katherine,NY,10377,CA203490,OH,2027-07-19,True,True,33,Bean Ltd Medical School,2000,Marshall-Elliott Hospital,Spanish,Specialty verification needed,2025-05-10,active,True
32,7819810361,Bethany,Maldonado,Dr. Bethany Maldonado,Gastroenterology,001-695-652-7177,bethany.maldonado@brown.info,54119 Ford Plaza,South Reginashire,IL,85938,PA846508,FL,2028-03-29,False,False,32,Morris Group Medical School,1996,"Hernandez, Brown and Garcia Hospital",Spanish,,2024-04-26,active,False
33,9468211460,Rachel,Cooper,Dr. Rachel Cooper,Anesthesiology,001-718-720-3778x892,rachel.cooper@hughes-schroeder.org,515 Angela Lights,Johnathanberg,NY,44195,IL727270,TX,2026-05-13,False,False,29,Aguilar and Sons Medical School,1984,"Collins-Douglas Hospital, Myers, Larson and Hurley Hospital","English, Chinese",,2025-04-26,active,False
34,5599509375,Kyle,Bennett,Dr. Kyle Bennett,Cardiology,528-516-8505x42357,kyle.bennett@moore.com,592 Moore Falls,Lake Samuel,TX,54353,CA974238,TX,2028-03-05,False,True,7,Rhodes-Young Medical School,1980,"Bishop-Goodwin Hospital, Young-Allen Hospital","French, English",Provider may have relocated,2024-09-15,active,False
35,2491233989,Tammy,Mueller,Dr. Tammy Mueller,Emergency Medicine,461.453.0515,tammy.mueller@solis.com,758 Jennifer Path,West Christopherburgh,NC,36256,NC214955,IL,2026-04-08,False,False,16,Whitehead-Hernandez Medical School,2016,"Davis-Lozano Hospital, Wilkerson-Arias Hospital, Brown-Shaw Hospital","French, Arabic, Hindi",Phone may be outdated,2025-04-16,active,False
36,7910931405,Benjamin,Lowery,Dr. Benjamin Lowery,Rheumatology,827.379.0104x3289,benjamin.lowery@young-martinez.com,971 Mary Parks Apt. 893,West Ruben,IL,81085,NY894323,NY,2027-04-22,False,False,15,Allen-Butler Medical School,1992,"Barnett, Mills and Ward Hospital, Stephens, Hartman and Romero Hospital","Arabic, Hindi",,2024-05-12,active,True
37,9996962280,Andrew,Marks,Dr. Andrew Marks,Orthopedic Surgery,3657405153,andrew.marks@williams.com,1566 Kline Lights Suite 277,Sandrahaven,PA,06242,NY434685,TX,2027-10-27,True,True,18,Blackwell LLC Medical School,1992,"Robertson-Hays Hospital, Kennedy, Johnson and Lucas Hospital, Kelly-Norman Hospital",Spanish,Address verification needed,2024-01-17,active,True
38,1567519787,Joseph,Miller,Dr. Joseph Miller,Pediatrics,(816)492-8451x15447,joseph.miller@wallace.com,0165 Stephanie Divide Suite 021,Port Deanna,GA,47968,OH401173,PA,2027-01-01,False,True,29,Herring-Johnson Medical School,1989,"Shelton LLC Hospital, Wallace-Jones Hospital, Moreno Group Hospital","Chinese, Spanish, Arabic",,2023-11-18,active,False
39,5304783721,Leonard,Ramirez,Dr. Leonard Ramirez,Oncology,602-978-6814,leonard.ramirez@davies.info,21727 Lisa Vista,Elizabethland,FL,72590,NC494780,CA,2027-12-01,False,False,8,"Roberts, Evans and Moore Medical School",1991,"Ho, Little and Leon Hospital, Walker, Galloway and Conner Hospital, Tyler Inc Hospital","Hindi, Arabic",Provider may have relocated,2025-10-17,active,False
40,6262905127,Michael,Armstrong,Dr. Michael Armstrong,Dermatology,382.491.1467x866,michael.armstrong@day-cole.net,89226 Marie Path Apt. 422,Sarahbury,CA,45854,IL475363,PA,2026-05-21,False,True,16,"Jacobson, Singleton and King Medical School",2013,"Huber, Hill and Weber Hospital, Ferguson, Shaw and Jackson Hospital, Moore, Hopkins and Le Hospital",French,,2024-11-26,active,True
41,6155238218,Cassie,Kirby,Dr. Cassie Kirby,Psychiatry,001-800-210-9439,cassie.kirby@small-gardner.com,64710 Scott Orchard Suite 359,West Michelle,NC,42354,TX110700,OH,2027-07-09,True,False,32,"Travis, Reed and Ross Medical School",1993,Robertson-Rodriguez Hospital,"English, Hindi, Chinese",Specialty verification needed,2024-07-28,active,False
42,8568894798,John,Martinez,Dr. John Martinez,Pulmonology,732.510.4696x325,john.martinez@jimenez.info,7016 Levy Forge Suite 004,Harperfort,NY,37954,OH765506,GA,2028-03-16,False,False,27,"Smith, Rodriguez and Anderson Medical School",1982,"Luna-Gallagher Hospital, Williams-Williams Hospital","Chinese, French, Spanish",,2025-08-23,active,True
43,6231619978,Anna,Cox,Dr. Anna Cox,Pulmonology,987.694.7055x16940,anna.cox@mcmillan.net,000 Jennifer Unions Suite 872,West Sarah,CA,42251,OH939547,PA,2026-05-04,False,False,9,Long PLC Medical School,1997,"Kirby, Wheeler and Romero Hospital","Chinese, French",Phone may be outdated,2024-10-05,active,True
44,7900321923,Tammy,Patton,Dr. Tammy Patton,Pediatrics,001-399-530-9728x96230,tammy.patton@alexander.com,368 Salas Street Apt. 283,Whitneyfort,TX,69376,NY571789,NC,2026-01-23,True,False,5,Edwards-Thompson Medical School,2003,"Peterson, Gomez and Ingram Hospital","Spanish, Hindi",,2025-02-27,active,False
45,5139470121,Jennifer,Schneider,Dr. Jennifer Schneider,Oncology,865-971-2082,jennifer.schneider@castillo-castro.com,98665 Kelly Heights Apt. 574,Lewisside,CA,36038,NC485231,TX,2026-06-25,False,False,25,"Horton, Taylor and Gilbert Medical School",1991,"Allen, Williams and Stein Hospital, Little Inc Hospital","Chinese, Arabic, Spanish",Phone may be outdated,2024-12-22,active,False
46,2481898946,Thomas,Gonzalez,Dr. Thomas Gonzalez,Gastroenterology,854-901-9380x2620,thomas.gonzalez@zuniga.com,9915 Gibson Row,Smallberg,CA,66589,GA321323,TX,2026-05-29,False,True,39,Nelson-Lamb Medical School,1998,Martin-Stevens Hospital,"Arabic, French",,2025-08-02,active,False
47,8072950200,Jonathan,Lopez,Dr. Jonathan Lopez,Obstetrics & Gynecology,001-354-493-2966x8516,jonathan.lopez@woods.com,3745 Aguilar Ports Apt. 453,Lake Davidport,TX,21435,MI170581,NC,2027-08-23,True,False,39,Parks-Leblanc Medical School,1994,"Carrillo, Vaughn and Fowler Hospital, Richardson-Walker Hospital, Mendoza Group Hospital","Spanish, French",,2023-11-04,active,False
48,3119837974,Julie,Obrien,Dr. Julie Obrien,Dermatology,(387)283-3918x78519,julie.obrien@leach.com,713 Davis Pass Suite 072,Bryantton,PA,73743,CA342127,MI,2025-12-14,True,False,27,Chambers-Parker Medical School,1992,"Foster Inc Hospital, Robinson, Jones and Henderson Hospital, Brown, Mcknight and Michael Hospital",French,Specialty verification needed,2024-07-14,active,False
49,9998961618,Cesar,Peck,Dr. Cesar Peck,Anesthesiology,8468226567,cesar.peck@vega.net,512 Rice Stream,Port Adam,NC,03480,TX664986,GA,2027-02-02,True,True,23,Ford-Ball Medical School,1998,"Patel-Morrow Hospital, Murray and Sons Hospital",Arabic,,2024-05-06,active,True
50,2496110518,Joshua,Pineda,Dr. Joshua Pineda,Gastroenterology,001-210-569-0331x1907,joshua.pineda@williams.com,439 Ray Trail,Joelberg,NY,87036,TX305543,NC,2027-08-01,False,False,9,"Walker, Turner and Brown Medical School",2006,"Hobbs, Buck and Garrett Hospital",Chinese,,2024-06-28,active,False
51,8337463537,Ronald,Simpson,Dr. Ronald Simpson,Dermatology,(568)556-6246x287,ronald.simpson@mathews-thomas.info,668 Paul Glens,West Deborah,GA,59455,MI344899,GA,2026-06-10,False,False,40,Davis-Hardy Medical School,2012,"Williams Group Hospital, Jacobs, Williams and Jones Hospital, Ramsey, Hansen and Mendoza Hospital","Hindi, Chinese",,2024-06-29,active,False
52,3960983404,Molly,Cook,Dr. Molly Cook,Family Medicine,5337173936,molly.cook@james-ferguson.com,5877 Leah Stravenue Suite 535,Robertshire,TX,29503,TX918647,IL,2025-12-24,False,False,1,"Thomas, Green and Donovan Medical School",2018,"Cortez, Phillips and Gonzalez Hospital","Arabic, Chinese",,2024-03-18,active,False
53,4014869071,Jerry,Hudson,Dr. Jerry Hudson,Psychiatry,778.454.7772,old_hsmith@example.net,010 Robert Ville,North Jasmine,PA,01699,NY156886,CA,2028-10-01,True,True,38,Wagner LLC Medical School,1990,"Williamson Ltd Hospital, Durham, Hopkins and Smith Hospital","English, Chinese",Email may be inactive,2023-11-08,active,True
54,8088019430,Joshua,Madden,Dr. Joshua Madden,Pulmonology,5866211823,joshua.madden@adams-sanders.com,9334 Desiree Walks Apt. 166,Tranton,IL,83960,OH782924,GA,2025-11-29,False,True,10,Warner Inc Medical School,2014,"Bruce-Newman Hospital, Knight-Hodge Hospital","English, Hindi, Chinese",,2024-10-11,active,False
55,2061726154,Cody,Rice,Dr. Cody Rice,Pediatrics,2334974014,cody.rice@smith-clark.com,42939 Rhodes Plains Suite 621,Brianchester,CA,30928,MI618581,IL,2028-10-06,False,True,3,Peterson PLC Medical School,1989,"Sanders, Ayala and Johnson Hospital, Bowers-Hayes Hospital, Kelly Group Hospital","Spanish, Hindi",,2024-03-16,active,True
56,1062347058,Ryan,Frazier,Dr. Ryan Frazier,Dermatology,+1-761-394-3114x26265,ryan.frazier@smith.info,1212 Cole Point Suite 101,Angelamouth,FL,50994,IL174511,CA,2028-03-07,True,True,13,Carter Group Medical School,1998,"Hardy PLC Hospital, Armstrong and Sons Hospital, James, Taylor and Turner Hospital","English, Arabic",,2025-08-29,active,True
57,1705988590,Trevor,Brown,Dr. Trevor Brown,Anesthesiology,(346)447-1543x79937,trevor.brown@smith-foster.org,7569 Kevin Rapids Apt. 752,Novakport,FL,96822,NC110269,NY,2025-09-03,True,True,5,"Chen, Faulkner and Casey Medical School",2014,"Bennett-Velasquez Hospital, Diaz-Frederick Hospital, Vargas PLC Hospital",French,License may be expired,2025-09-05,active,False
58,7776828878,Hector,Saunders,Dr. Hector Saunders,Cardiology,6735741672,hector.saunders@hopkins-espinoza.biz,9796 Stephens Turnpike,Jacquelineside,IL,78334,FL726200,IL,2028-09-13,True,True,28,"Rocha, Rodriguez and Wright Medical School",1987,"Kelly, Holland and Williams Hospital",Chinese,,2024-09-17,active,True
59,7723149691,Tonya,Byrd,Dr. Tonya Byrd,Anesthesiology,(556)910-1438x8899,tonya.byrd@myers-barton.org,0714 Knapp Corner,Port Sheliaberg,PA,46157,FL371104,FL,2027-03-10,False,True,7,Cooper-Mueller Medical School,2018,"Webb, Alvarez and Kim Hospital, Chavez, Jones and Williams Hospital, Wilson, Sweeney and Wong Hospital",French,,2024-04-04,active,False
60,1059619176,Erica,Martin,Dr. Erica Martin,Pulmonology,001-438-828-2586x7362,erica.martin@johnson-mendez.com,660 Jamie Terrace Apt. 918,West Mark,PA,60473,MI653171,FL,2024-11-19,True,True,40,Baker Group Medical School,1998,"Church, Edwards and Price Hospital, Matthews-Bailey Hospital","Hindi, Chinese",License may be expired,2024-01-22,active,True
61,2978610594,Megan,Williamson,Dr. Megan Williamson,Orthopedic Surgery,+1-849-891-2513x41252,megan.williamson@taylor.net,274 Jacob Ville,Harveystad,PA,01757,TX470045,IL,2027-07-01,False,True,17,Taylor-Ochoa Medical School,1983,"Wagner, Simpson and Cohen Hospital, Mckinney-Wallace Hospital","Arabic, French, Spanish",,2024-08-27,active,True
62,9332122152,Gary,Cunningham,Dr. Gary Cunningham,Family Medicine,001-334-304-3842x79788,gary.cunningham@hampton-morrow.com,783 Garcia Village,West Nancy,OH,04725,NC243502,PA,2027-01-18,False,True,1,Baker-Atkins Medical School,1996,Gonzales Inc Hospital,"English, Arabic, French",,2024-02-04,active,True
63,6380525740,Kimberly,Young,Dr. Kimberly Young,Obstetrics & Gynecology,001-695-496-2923x3095,kimberly.young@werner-carter.org,126 Victoria Way Apt. 232,Mariafurt,PA,64655,TX715298,PA,2027-12-27,False,False,8,Ray LLC Medical School,2006,"Perry, Hayes and Schultz Hospital, Powell Ltd Hospital, Neal-Wiley Hospital","Arabic, Chinese",,2024-07-18,active,True
64,1989304941,Shawn,Freeman,Dr. Shawn Freeman,Cardiology,001-801-575-1863,shawn.freeman@adams-clayton.com,750 Cory Tunnel,Smithburgh,OH,58341,TX359519,NC,2027-12-29,False,False,13,Smith-Rubio Medical School,2012,Forbes and Sons Hospital,Chinese,,2024-10-25,active,True
65,5115092313,Nicole,Turner,Dr. Nicole Turner,Dermatology,315-341-5206x436,nicole.turner@lewis.com,700 Montoya Wall,Bensonfort,MI,09784,NC643756,CA,2026-04-30,False,False,29,Reyes Ltd Medical School,2016,"Garcia LLC Hospital, Taylor-Ayala Hospital",Hindi,,2024-09-08,active,True
66,1495927859,Karen,Anderson,Dr. Karen Anderson,Rheumatology,+1-921-589-0927x53269,karen.anderson@mosley.com,6523 Newman Gateway Suite 043,Lake Peter,FL,85195,PA728364,CA,2027-07-26,False,True,25,Bowers and Sons Medical School,1993,"Cruz-Allen Hospital, Wheeler, Rice and Levine Hospital, Peck-Anderson Hospital","Arabic, Chinese, English",,2024-02-22,active,False
67,7847084114,Michelle,Carroll,Dr. Michelle Carroll,Pathology,(282)871-0910x430,michelle.carroll@mitchell.biz,88924 Kyle Pass Apt. 285,Willisland,MI,41155,OH361102,PA,2027-07-24,True,True,1,"Kim, Ashley and Allen Medical School",1982,"Miller Group Hospital, Chavez PLC Hospital","Chinese, English, Hindi",,2024-10-20,active,False
68,4046216415,Brian,Wade,Dr. Brian Wade,Rheumatology,+1-421-602-0275x88425,brian.wade@tanner.biz,149 Tyler Pass Suite 079,West Eric,CA,13988,OH247511,MI,2028-03-05,False,True,24,"Craig, Wilson and Yang Medical School",1998,"Williams Inc Hospital, Williams LLC Hospital, Mora-White Hospital","Hindi, Chinese",,2025-09-18,active,True
69,7183971131,Susan,Johnson,Dr. Susan Johnson,Gastroenterology,001-263-453-6541x951,susan.johnson@brock.biz,4451 Smith Flats,Anneport,FL,97438,CA864149,IL,2027-10-06,False,False,28,"Sanchez, Richardson and Bonilla Medical School",2020,Oconnor PLC Hospital,Spanish,Specialty verification needed,2024-11-24,active,True
70,6723491012,Kathleen,Sanchez,Dr. Kathleen Sanchez,Rheumatology,8606385050,kathleen.sanchez@harris.biz,91212 Owens Lodge,New Michaelborough,NC,10309,FL106413,PA,2028-06-10,False,True,6,"Bradley, Graham and Brandt Medical School",2008,"Carter LLC Hospital, Haynes-Moss Hospital, Chavez-Hall Hospital","Arabic, French, Chinese",Address verification needed,2024-10-05,active,False
71,7654986544,Shannon,Ford,Dr. Shannon Ford,Internal Medicine,312-549-0352,shannon.ford@foster-williams.com,06788 Cody Cove Apt. 100,East James,MI,53006,FL972781,IL,2025-06-30,True,True,37,Parks-Pace Medical School,2016,Aguilar LLC Hospital,"English, Spanish, French",License may be expired,2024-10-18,active,True
72,3884641087,Samantha,Jones,Dr. Samantha Jones,Pediatrics,237-421-5107,old_roberta85@example.com,53244 Stephenson Bypass Apt. 476,Brownview,GA,50703,FL661659,MI,2027-12-05,True,False,20,Barnes Ltd Medical School,1990,"Wright, Mcknight and Stephens Hospital, Mayo Ltd Hospital, Castillo-Harrington Hospital","Chinese, English, French",Email may be inactive,2023-10-25,active,False
73,7382717689,Joseph,Johnson,Dr. Joseph Johnson,Anesthesiology,+1-530-540-7859x321,joseph.johnson@ferguson-moody.com,652 Joel Island,Robintown,CA,92703,MI594338,TX,2026-01-25,True,False,24,"Bell, Bradley and Thomas Medical School",1999,"Copeland Group Hospital, Parker, Henry and Davis Hospital","English, Chinese",,2024-04-12,active,False
74,2803894352,Jesse,Robinson,Dr. Jesse Robinson,Internal Medicine,001-542-320-9690x295,jesse.robinson@valencia.biz,4522 Conner Oval,Grantside,NY,91407,IL402047,CA,2027-12-10,False,True,30,"Buchanan, Walker and Chapman Medical School",2015,Gray Ltd Hospital,French,Phone may be outdated,2025-04-11,active,False
75,6776060527,Sharon,Taylor,Dr. Sharon Taylor,Ophthalmology,859-497-0629,sharon.taylor@buchanan-le.com,6267 Bell Lane Apt. 793,South Charles,IL,04880,PA149262,NC,2027-04-19,False,True,9,Smith-Green Medical School,2018,"Jones and Sons Hospital, Martin-Jones Hospital","Chinese, English",Phone may be outdated,2025-01-05,active,False
76,8133592189,Brian,Rivera,Dr. Brian Rivera,Pathology,268.884.4431,brian.rivera@dunn.com,49731 Jamie Route Suite 171,Kristenfort,FL,64607,TX422539,CA,2026-10-28,True,False,31,"Baker, May and Hughes Medical School",2018,Mcclure-Wood Hospital,"Hindi, Spanish, Chinese",,2025-08-05,active,False
77,8366666780,Sean,Baker,Dr. Sean Baker,Oncology,543.249.0211x586,sean.baker@cardenas-barnes.net,374 Ralph Walk Apt. 898,North Stacy,CA,59357,GA902010,OH,2026-09-24,True,True,39,Rush and Sons Medical School,2015,"Stokes and Sons Hospital, Henderson Ltd Hospital, Harris-Carson Hospital",Hindi,Specialty verification needed,2025-01-19,active,True
78,6480567787,Dylan,Larson,Dr. Dylan Larson,Psychiatry,811-368-6854x87099,old_xmccall@example.org,91485 Baker Shoal,Armstrongfort,OH,05411,NC256132,OH,2028-08-30,True,True,23,Hill and Sons Medical School,2016,"Franklin, Steele and Williams Hospital, Vaughn-Williams Hospital","French, English",Email may be inactive,2023-10-27,active,False
79,9537301897,Matthew,Leon,Dr. Matthew Leon,Obstetrics & Gynecology,547-913-2475x4691,matthew.leon@mcintyre.info,82148 Taylor Vista Apt. 233,East Antonioton,CA,47736,GA196355,IL,2027-03-07,False,True,20,"Gonzalez, Richardson and Marshall Medical School",2013,"Reid-Martinez Hospital, Allen Group Hospital","Arabic, Chinese",,2024-08-11,active,True
80,4152876394,Brooke,Thompson,Dr. Brooke Thompson,Rheumatology,598.555.2414x0602,brooke.thompson@perez.net,072 Carolyn Branch,West Charlene,FL,40538,MI992462,MI,2027-09-06,True,True,8,"Rasmussen, Day and Coleman Medical School",2011,"York-Stevens Hospital, Owens Ltd Hospital, Holloway, Sanders and Garcia Hospital",English,,2024-11-17,active,False
81,6856408467,William,Bates,Dr. William Bates,Emergency Medicine,(689)694-4171x545,william.bates@dawson.com,96520 Bright Green,Sullivanton,FL,76919,MI424785,NY,2026-11-17,True,False,25,"Cooley, Cabrera and Cooper Medical School",1985,"Walker, Nichols and Glover Hospital, Howard, Evans and Jackson Hospital, Walter, White and Davis Hospital",Hindi,,2024-08-03,active,False
82,3368469290,David,Green,Dr. David Green,Psychiatry,+1-725-713-5346,david.green@richards-ford.com,99917 Vincent Ways Suite 846,Port Melissaberg,PA,26754,CA252679,FL,2025-11-18,False,False,25,Ortiz-Hudson Medical School,1982,"Thomas-Huffman Hospital, Maxwell Group Hospital",Chinese,,2024-10-13,active,True
83,5466017144,Marvin,Hatfield,Dr. Marvin Hatfield,Family Medicine,800-874-3292x71296,marvin.hatfield@sanford-reyes.com,505 Andrew Avenue,East Heather,OH,45635,CA664174,CA,2027-10-28,True,True,22,Anderson-Reyes Medical School,2013,"Torres, Brown and Williams Hospital","French, Chinese",,2023-10-26,active,True
84,7314272584,Stacy,Bryant,Dr. Stacy Bryant,Oncology,598.456.2575x32603,stacy.bryant@gross.net,50648 Brittney Causeway,Lake Maryton,NC,90907,NC823507,PA,2028-01-16,True,False,20,Butler Group Medical School,1982,"Kelley Group Hospital, Hernandez, Neal and Mccoy Hospital",Arabic,,2024-06-22,active,True
85,7649595963,Kevin,Stanley,Dr. Kevin Stanley,Orthopedic Surgery,+1-984-599-2618x91411,kevin.stanley@gonzalez.com,642 Amy Fords Suite 530,Lake Christopherville,OH,75756,GA576269,TX,2026-02-20,False,False,18,"Snyder, Herring and Chan Medical School",2000,"Cummings Inc Hospital, Newman-Bryant Hospital",Hindi,,2024-03-30,active,True
86,2673690922,Tiffany,Baker,Dr. Tiffany Baker,Anesthesiology,3122045561,tiffany.baker@christian.com,7941 Briggs Falls Apt. 667,Maryfort,IL,55779,FL771684,MI,2026-09-03,True,False,19,"Mercado, Jackson and Anderson Medical School",1982,"Brown, Dunlap and Moore Hospital","Spanish, French",,2024-07-09,active,False
87,5266335657,Robert,Garza,Dr. Robert Garza,Radiology,001-972-996-5902,robert.garza@clay.com,5089 Tiffany Skyway,Aprilville,MI,57235,MI825934,NY,2027-07-16,True,True,30,"Barber, Olson and Alvarado Medical School",2009,"Cruz, Combs and Grant Hospital, Brown, Schneider and Moore Hospital, Christian-Booth Hospital","English, French, Hindi",,2025-10-09,active,True
88,5385016644,Charles,Vasquez,Dr. Charles Vasquez,Dermatology,554.308.3866,charles.vasquez@wallace-berry.com,5170 Richard Camp Apt. 199,Pamelaside,NC,27613,MI714041,FL,2028-07-16,False,True,11,"Powers, Clements and Cox Medical School",1980,"Velasquez Group Hospital, Castro-Harvey Hospital, Moran-Cox Hospital",English,,2025-09-06,active,False
89,4734075948,Shaun,Davis,Dr. Shaun Davis,Oncology,+1-830-355-4885x10272,shaun.davis@carr-lopez.biz,3516 Sara Villages,Port Patriciamouth,OH,86806,MI846787,PA,2027-06-07,True,False,19,"Blanchard, Taylor and Porter Medical School",2018,"Fitzgerald, Tran and Reynolds Hospital",Spanish,,2024-03-24,active,True
90,4031416168,Brenda,Glass,Dr. Brenda Glass,Gastroenterology,001-529-622-1699x58669,brenda.glass@stuart-waller.info,69848 Joseph Plaza,East Jason,PA,94136,TX819387,CA,2027-04-01,False,False,38,Parks-Morse Medical School,2007,Zavala Ltd Hospital,"Arabic, Spanish",Specialty verification needed,2024-04-18,active,False
91,9516671125,Theresa,Thompson,Dr. Theresa Thompson,Pediatrics,+1-651-858-7996,old_yyoung@example.net,03424 Thomas Circle,Jamesside,GA,04735,FL497638,TX,2028-03-30,True,False,15,Cervantes-Garcia Medical School,2016,"Stevenson, Hancock and Newton Hospital","English, French",Email may be inactive,2025-01-18,active,True
92,5901029472,Keith,Beck,Dr. Keith Beck,Orthopedic Surgery,(566)558-0043x9735,keith.beck@cole-lucero.com,81606 Hawkins Curve,New Meghan,IL,01240,OH851183,NY,2027-04-29,True,True,18,Owens-Pineda Medical School,2008,Hernandez LLC Hospital,"Hindi, Chinese, Arabic",Provider may have relocated,2023-12-03,active,True
93,1665951208,Candice,Ayala,Dr. Candice Ayala,Dermatology,+1-394-479-8515x8328,candice.ayala@daniels-powell.com,55543 Barajas View,North Elizabethmouth,PA,32003,FL127154,CA,2028-08-23,True,False,11,"Austin, Oliver and Haley Medical School",1993,"Blackwell, James and Hogan Hospital","Hindi, Spanish, English",Specialty verification needed,2024-06-30,active,False
94,9048175862,Daniel,Scott,Dr. Daniel Scott,Obstetrics & Gynecology,001-340-385-8877x0435,daniel.scott@bonilla.net,133 Houston Ford,Lucasland,MI,98397,IL431815,OH,2028-05-13,False,False,30,"Hernandez, Stevens and Rivera Medical School",1991,"Jones and Sons Hospital, Grant-Andrews Hospital, Bartlett Group Hospital","Spanish, French",Provider may have relocated,2025-05-27,active,True
95,4090043875,Paul,Mccoy,Dr. Paul Mccoy,Anesthesiology,(350)661-8091x90158,old_jason53@example.com,0728 Derek Lock Suite 245,New Nancyberg,CA,16653,OH102535,NY,2028-09-06,False,True,23,Smith PLC Medical School,1984,Medina-Arroyo Hospital,French,Email may be inactive,2024-02-28,active,False
96,7604396837,Rebecca,York,Dr. Rebecca York,Pulmonology,(222)939-4312,rebecca.york@dunn.com,975 Anderson Shoal,North Justin,IL,09650,NC102416,FL,2026-04-29,True,True,30,Stewart Group Medical School,2008,Jensen-Torres Hospital,"English, Spanish",Provider may have relocated,2024-12-04,active,False
97,1976412076,Breanna,Cunningham,Dr. Breanna Cunningham,Internal Medicine,(756)920-5336x452,breanna.cunningham@griffin-hampton.info,91428 Jose Road,Lake Charlestown,NY,66977,OH759989,OH,2026-02-21,True,True,3,"Johnson, Perkins and Sullivan Medical School",1990,"Lewis, Johnson and Green Hospital, Kennedy, Rowe and Diaz Hospital","Spanish, English, Arabic",,2024-11-25,active,True
98,9300194972,Jeffrey,Barton,Dr. Jeffrey Barton,Pulmonology,001-442-478-8165x8039,jeffrey.barton@moore-knight.org,750 Kathleen Fort,West Miketon,PA,88133,NY200736,OH,2027-08-28,False,True,33,Holmes LLC Medical School,2020,"Harrison-Gibson Hospital, Williams Ltd Hospital, Garcia-Schmitt Hospital","Arabic, Chinese",Provider may have relocated,2024-09-09,active,False
99,6889432981,Cynthia,Hill,Dr. Cynthia Hill,Dermatology,001-849-589-2665x9184,cynthia.hill@sullivan.info,272 Chris Row,Jasonburgh,TX,21126,OH746601,NC,2027-11-12,False,True,8,Guzman-Montoya Medical School,2011,"Hall, Shepherd and Cortez Hospital",Chinese,,2023-10-31,active,True
100,5278406823,Timothy,Mendoza,Dr. Timothy Mendoza,Cardiology,492.460.3029,timothy.mendoza@hunt.com,03886 Catherine Fall,Valenzuelaton,TX,79254,MI165095,CA,2028-01-11,False,False,30,Norton and Sons Medical School,2018,"Keller, Baker and Ramsey Hospital, Nielsen-Carlson Hospital, Hall Group Hospital",Hindi,Address verification needed,2025-02-19,active,False
101,9620329054,Natalie,Schmidt,Dr. Natalie Schmidt,Pathology,001-811-572-9806x86508,natalie.schmidt@clarke-james.org,2473 Justin Wells,Scotttown,FL,93450,TX716013,FL,2027-09-19,False,False,31,"Clarke, Lane and Wilson Medical School",1985,Brooks and Sons Hospital,"Arabic, Chinese, French",,2024-03-21,active,False
102,7524393845,Gwendolyn,Stewart,Dr. Gwendolyn Stewart,Radiology,(612)869-4486x959,gwendolyn.stewart@gutierrez.info,8874 Lane Trail,Fitzgeraldville,GA,98518,NY287696,IL,2025-01-04,True,True,22,Griffin Ltd Medical School,2018,Garcia PLC Hospital,"Hindi, English, Chinese",License may be expired,2024-02-03,active,False
103,8040333485,Richard,Morgan,Dr. Richard Morgan,Gastroenterology,+1-890-326-0127,richard.morgan@baker.com,669 Dawson Ranch,Port Lorifort,NY,58037,OH185315,NC,2027-12-13,False,True,35,Harris Ltd Medical School,2012,"Mitchell, Johnson and Greene Hospital, Hale, Gilbert and Craig Hospital",Chinese,,2023-12-14,active,False
104,6856006857,Michael,Pena,Dr. Michael Pena,Obstetrics & Gynecology,(214)365-6693,michael.pena@dunn.net,4393 Spears Ports Apt. 426,New Charlesport,TX,45061,CA410482,NC,2026-08-19,False,False,35,Pratt LLC Medical School,2006,"Li, Andrews and Benson Hospital, Hart-Carrillo Hospital, Ali-Ellis Hospital","Hindi, French, Chinese",,2025-07-31,active,True
105,9765474018,Steven,Matthews,Dr. Steven Matthews,Dermatology,8717416335,steven.matthews@nichols.com,5182 Edwards Forge,Ianborough,PA,65905,OH643996,TX,2026-03-11,True,True,35,"Gonzalez, Moss and Salas Medical School",1982,"Perez and Sons Hospital, Kelly, Maxwell and Wilson Hospital",Spanish,,2023-11-01,active,False
106,5529591386,Christian,Sosa,Dr. Christian Sosa,Oncology,490.680.7595x7947,christian.sosa@walker-ray.com,8085 Dalton Trail Apt. 718,Stewarttown,CA,02050,IL285189,NY,2026-05-11,False,False,21,"Clark, Carpenter and Nguyen Medical School",2011,"Hensley, Lopez and Baker Hospital, Ruiz-Austin Hospital, White-Coleman Hospital",French,,2025-06-05,active,True
107,7505643688,Robert,Goodwin,Dr. Robert Goodwin,Obstetrics & Gynecology,(864)872-9293x143,robert.goodwin@thomas.com,26728 Floyd Hills Suite 890,Garciaburgh,FL,08370,TX658682,OH,2028-08-29,True,True,2,Cervantes Group Medical School,2012,"Davis, Garner and Green Hospital","Spanish, Arabic",,2024-11-22,active,False
108,6327819225,Michael,Grant,Dr. Michael Grant,Pulmonology,650-761-5939x982,michael.grant@nunez-freeman.info,9472 Danielle Junction,Welchshire,TX,53555,FL318270,FL,2026-11-18,True,True,34,Miller LLC Medical School,1994,"Edwards Ltd Hospital, Page-Jacobs Hospital","French, English, Arabic",,2024-12-06,active,True
109,2813539066,Randall,Barron,Dr. Randall Barron,Pathology,001-459-887-6220x23413,randall.barron@davis.net,68114 Christopher Loaf,Jeromeport,PA,58586,CA470632,TX,2026-03-06,False,False,6,"Martinez, Rose and Jackson Medical School",2013,"Alvarado LLC Hospital, Mcdonald-Pitts Hospital","English, Arabic, Chinese",,2024-07-31,active,True
110,3705717748,Sarah,Dunn,Dr. Sarah Dunn,Dermatology,(682)799-7968,sarah.dunn@fernandez-ballard.info,6424 Aaron Via Apt. 547,Lake Sandrafort,FL,39771,NY668879,TX,2028-02-13,False,False,27,Cannon LLC Medical School,1989,"Hall, Smith and Brooks Hospital, Khan-Kim Hospital","Chinese, English",,2025-09-16,active,True
111,2902757760,John,Espinoza,Dr. John Espinoza,Dermatology,+1-666-834-1638x9448,john.espinoza@castaneda.com,79749 Lopez Brook Apt. 080,North Julian,PA,16890,TX278734,CA,2027-02-28,True,False,12,"Gonzales, Smith and Davis Medical School",1993,"Snyder LLC Hospital, Collins-Lloyd Hospital","French, Chinese, Arabic",,2025-03-18,active,False
112,7096300636,Whitney,Ford,Dr. Whitney Ford,Cardiology,9514204618,old_james03@example.org,36730 Steven Trail,New Elizabethborough,TX,62475,GA485457,NC,2028-01-18,False,False,32,Maldonado-Collins Medical School,1983,"Moore-Chandler Hospital, Pineda, Meyer and King Hospital","Chinese, Arabic, Spanish",Email may be inactive,2023-12-20,active,True
113,3090731414,Joel,Hamilton,Dr. Joel Hamilton,Oncology,9244916300,old_washingtonsamuel@example.com,950 Michael Drives,East Tonymouth,NC,73685,OH795967,PA,2026-01-09,True,False,32,"Sherman, Trujillo and Gonzales Medical School",1985,"Smith Group Hospital, Ramsey-King Hospital","Hindi, Arabic, Chinese",Email may be inactive,2023-10-22,active,False
114,7521179903,Amy,Henry,Dr. Amy Henry,Emergency Medicine,001-428-355-7498,amy.henry@moore.com,86209 Parsons Garden Suite 186,New Felicia,CA,72782,PA914726,GA,2028-06-09,False,False,20,Austin LLC Medical School,2010,Davidson-Rodriguez Hospital,"French, Chinese",,2024-03-13,active,False
115,2478682106,Alexandra,Jones,Dr. Alexandra Jones,Ophthalmology,(820)931-7310,alexandra.jones@hanson.com,37170 Grant Mall,Lauraton,GA,81363,OH223195,NC,2026-03-11,False,False,22,Rice-Navarro Medical School,2002,"Miller-Lewis Hospital, Davis, Hardy and Schmidt Hospital, Lee Ltd Hospital",Spanish,Provider may have relocated,2025-03-20,active,True
116,2079984924,John,Garrett,Dr. John Garrett,Obstetrics & Gynecology,(388)461-9576,john.garrett@pierce.com,975 Pierce Islands,Robertchester,NY,95641,OH707126,OH,2026-01-05,False,True,32,Franklin-Hart Medical School,2009,Brooks PLC Hospital,Arabic,,2023-11-19,active,True
117,7476423833,Sara,King,Dr. Sara King,Family Medicine,676.500.4908x240,sara.king@foley.com,07522 Richardson Prairie,East Jonathan,NC,39862,GA522852,NC,2028-06-30,False,True,5,Duncan PLC Medical School,1991,Navarro Ltd Hospital,English,,2023-11-09,active,True
118,3961264413,Mark,Olson,Dr. Mark Olson,Gastroenterology,891.394.0961x0556,mark.olson@adkins.com,227 Tony Run Apt. 898,East Charles,GA,66656,NC758511,NC,2027-08-23,True,True,5,Walker LLC Medical School,2005,"Hernandez-Rogers Hospital, Duncan-Williams Hospital, Baker-Ross Hospital","Chinese, Arabic, Spanish",Address verification needed,2025-03-02,active,False
119,1236929635,Kimberly,Morris,Dr. Kimberly Morris,Internal Medicine,001-711-266-5535,kimberly.morris@jackson-bailey.info,0335 Katherine Walk,North Jodibury,MI,81897,TX918889,IL,2028-06-18,False,False,23,Melton LLC Medical School,2015,"Cooper Inc Hospital, Cole-Johnson Hospital","Hindi, Spanish",,2024-04-28,active,True
120,4009863593,Jason,Medina,Dr. Jason Medina,Gastroenterology,888.248.7920,jason.medina@jackson-campbell.org,70164 Lin Brook Suite 636,West Toddside,TX,12038,GA641573,MI,2026-09-24,True,True,39,Gonzalez Group Medical School,2006,"House, Smith and Wright Hospital, Torres, Burns and Garner Hospital, Reed LLC Hospital","Hindi, French",,2025-08-19,active,False
121,9585326577,Michael,Turner,Dr. Michael Turner,Dermatology,840.546.0843x25621,michael.turner@allen-hernandez.com,8232 Michelle Inlet Apt. 629,West Carlos,GA,70357,NC511635,TX,2028-07-04,True,True,25,"Wilson, Stewart and Hobbs Medical School",1983,"Johnson, Flores and Dudley Hospital, Turner-Reese Hospital, Mahoney, Hill and Maxwell Hospital",Spanish,,2025-09-23,active,True
122,2983356695,Daniel,Lopez,Dr. Daniel Lopez,Rheumatology,001-999-449-9939x33051,daniel.lopez@mathis.com,7223 Antonio Track Apt. 463,Port James,NY,23710,PA927257,FL,2026-06-29,False,False,4,Camacho-Burns Medical School,1981,Delacruz-Clay Hospital,"French, Spanish, English",,2025-01-11,active,True
123,7447565531,Ronald,Parsons,Dr. Ronald Parsons,Dermatology,+1-965-969-9988x081,ronald.parsons@rich.net,9371 Nguyen Run,Lake Jessica,OH,07650,TX126107,NC,2027-05-28,False,False,25,"Black, Thomas and Gallegos Medical School",2008,"Davis-Mason Hospital, Osborne Ltd Hospital, Taylor, Gutierrez and Hayes Hospital","Hindi, Chinese",Address verification needed,2025-02-14,active,True
124,5476522518,Christopher,Mccarthy,Dr. Christopher Mccarthy,Pediatrics,+1-751-486-8926x8602,christopher.mccarthy@melton.com,4742 Rachel Flats Apt. 940,Jimenezfort,OH,71738,FL581196,TX,2028-01-02,False,True,19,Franklin Group Medical School,1989,"Robinson Ltd Hospital, Chavez-Ramos Hospital, Greene, Sanchez and Kelley Hospital",Chinese,,2024-05-16,active,True
125,8805315494,Christine,Grant,Dr. Christine Grant,Anesthesiology,602.720.5020,christine.grant@williams.com,499 Tammy Summit,Sarahland,IL,39730,MI656297,TX,2027-08-31,True,True,20,Richardson-Gray Medical School,2000,Chang PLC Hospital,"Hindi, English",Specialty verification needed,2024-05-24,active,False
126,5160528465,Calvin,Ruiz,Dr. Calvin Ruiz,Cardiology,245-386-8339,calvin.ruiz@blair.info,9548 Ho Ridges Suite 877,New Jesse,NC,38575,CA103941,GA,2027-02-15,True,False,28,Smith Inc Medical School,1980,"Garrett-Wilson Hospital, Marsh Group Hospital","Spanish, Chinese, French",,2023-12-29,active,False
127,2413475632,Robert,Cook,Dr. Robert Cook,Obstetrics & Gynecology,+1-730-234-4144,robert.cook@jennings.biz,40568 Ashley Loaf,New Darryl,TX,70882,CA531092,PA,2026-04-22,True,True,29,Ford-Olsen Medical School,1983,"Brown, Meyer and Cunningham Hospital, Stewart, Herrera and Clark Hospital, Rivera, Hendricks and Flynn Hospital",French,Address verification needed,2024-05-30,active,False
128,4487034767,Kimberly,Parker,Dr. Kimberly Parker,Anesthesiology,304-761-7357x43842,kimberly.parker@strickland.info,8235 Oconnor Pine,Kimberlyberg,CA,13379,FL191420,CA,2027-09-24,True,False,8,"Rhodes, Anderson and Hardy Medical School",2009,"Hughes-Hancock Hospital, Smith Inc Hospital","Hindi, English, Spanish",,2024-10-04,active,False
129,2993575438,Gloria,Wheeler,Dr. Gloria Wheeler,Obstetrics & Gynecology,657-501-8409,gloria.wheeler@gonzalez-mitchell.net,1422 Wilson Road Apt. 385,Josephport,GA,75747,TX966909,CA,2028-07-25,True,False,28,Jackson LLC Medical School,1995,"Mcclain, Fernandez and Williams Hospital, Ruiz Ltd Hospital, Rodriguez Inc Hospital",Hindi,,2023-11-29,active,True
130,9558567934,Christopher,Myers,Dr. Christopher Myers,Emergency Medicine,001-499-379-5453x817,christopher.myers@mcdonald.info,32945 White Shores Suite 577,North Thomasstad,MI,63238,TX587260,PA,2026-08-22,True,True,36,Singleton-Campbell Medical School,2020,Munoz-Anderson Hospital,Hindi,,2025-02-07,active,False
131,5901540380,Dakota,Roth,Dr. Dakota Roth,Orthopedic Surgery,858-514-8769,dakota.roth@sanchez.com,96695 Gilbert Skyway Apt. 971,Nguyenville,FL,58856,TX395453,TX,2027-08-19,False,False,21,Parker Group Medical School,1985,"George Ltd Hospital, Wise, Gray and Snyder Hospital","Arabic, Spanish, French",,2024-06-18,active,False
132,4883059239,Donna,Davis,Dr. Donna Davis,Internal Medicine,(990)522-7846,donna.davis@maldonado.com,2386 Larsen Drives,Whitneyberg,IL,14879,IL594032,NY,2028-10-17,False,False,34,Glenn-Young Medical School,2018,"Lawrence, Garrett and Joseph Hospital, James-Gardner Hospital",Chinese,Address verification needed,2024-05-02,active,False
133,9349655002,Dennis,Jones,Dr. Dennis Jones,Anesthesiology,8274621267,dennis.jones@hicks-arnold.info,3269 Becky Vista Apt. 846,Arthurton,FL,74969,CA313921,NY,2026-04-09,True,True,7,Bush-Wilson Medical School,2014,"Nixon-Miller Hospital, Simon, Terrell and Terrell Hospital","Chinese, French, Arabic",Specialty verification needed,2025-01-02,active,False
134,2567168088,Kimberly,Marshall,Dr. Kimberly Marshall,Pulmonology,689-213-7189,kimberly.marshall@nichols-smith.info,565 Roberts Camp Suite 940,Laneshire,IL,07266,PA566846,TX,2027-08-19,True,False,21,"Mooney, Lamb and Weber Medical School",1996,"Washington-Martinez Hospital, York LLC Hospital, Anderson-Campbell Hospital",Spanish,,2025-01-07,active,True
135,1741810052,Michaela,Smith,Dr. Michaela Smith,Pulmonology,592-992-7524,old_vturner@example.net,92766 Donna Stream,East Becky,TX,45730,PA934979,CA,2028-01-02,False,False,36,May Inc Medical School,2001,Jackson Group Hospital,Arabic,Email may be inactive,2025-06-08,active,False
136,5612919835,Jesus,Vega,Dr. Jesus Vega,Emergency Medicine,(374)728-6047x6580,jesus.vega@bishop-pearson.com,3443 Andrew Course Apt. 939,Lake Susanland,TX,41561,CA537174,TX,2027-07-07,False,True,10,"Smith, Smith and Jones Medical School",2010,Davis-Garcia Hospital,"Chinese, Hindi",Address verification needed,2024-05-30,active,False
137,2913070625,Melissa,Anderson,Dr. Melissa Anderson,Family Medicine,+1-492-312-4471x74654,old_jonesjessica@example.com,4271 Krause Flats,Whitefort,NC,14713,PA435850,TX,2026-01-07,True,True,11,Fernandez Group Medical School,1987,"Mendez Inc Hospital, Baldwin-Garcia Hospital","English, Spanish, Arabic",Email may be inactive,2025-07-16,active,True
138,7024723440,Andrew,Jimenez,Dr. Andrew Jimenez,Internal Medicine,+1-800-864-2569x0877,andrew.jimenez@norman.com,719 Cook Hollow Suite 015,Christophermouth,MI,38506,OH211912,NC,2027-05-22,False,True,25,"Harris, Spencer and Ponce Medical School",2019,"Lee, Dominguez and Mosley Hospital, Barker, Tucker and Mcclure Hospital, Moss-Taylor Hospital","English, Chinese, Arabic",,2025-07-04,active,True
139,8114385171,James,Cortez,Dr. James Cortez,Ophthalmology,001-937-261-8478,james.cortez@morgan.com,38782 Sandy Camp Apt. 707,East Jacquelineberg,NC,02383,IL578055,NY,2027-03-15,False,False,33,Chen LLC Medical School,2001,Bryant and Sons Hospital,"Spanish, English, Chinese",,2025-02-18,active,False
140,3010764021,Mary,Brown,Dr. Mary Brown,Dermatology,717-899-3136,mary.brown@martinez-sutton.net,3092 Brown Harbor,Port Robert,OH,91765,PA917423,FL,2027-08-02,True,True,16,Tran-Gonzales Medical School,1985,"Williams, Garcia and Boone Hospital","Spanish, Arabic, Hindi",,2023-10-28,active,False
141,3143140183,Cheyenne,Strickland,Dr. Cheyenne Strickland,Anesthesiology,8719002194,cheyenne.strickland@martinez.info,29092 Salazar Corners Suite 560,East David,NC,69995,FL249509,CA,2027-12-17,True,True,32,Montgomery PLC Medical School,1994,"Robinson, Townsend and Hopkins Hospital, Brown-Rodriguez Hospital, Jennings Group Hospital","English, Arabic, French",,2025-03-14,active,False
142,5325972904,Tyler,Moore,Dr. Tyler Moore,Oncology,9052436459,tyler.moore@yang.com,78113 Watkins Islands,Gonzalezmouth,FL,30655,IL327065,NY,2028-09-26,False,False,6,Nguyen Inc Medical School,2006,"Rojas and Sons Hospital, Vance-Jones Hospital, Washington, Zamora and Thomas Hospital","French, Spanish",,2025-09-03,active,True
143,1589768891,Sarah,Gibson,Dr. Sarah Gibson,Endocrinology,(652)473-5435x2090,sarah.gibson@york.biz,335 Riley Ramp Apt. 906,North Vickiehaven,GA,68890,OH821071,NY,2027-01-06,True,True,10,Atkins-Robinson Medical School,1980,Hood-Ramirez Hospital,Spanish,Address verification needed,2024-11-06,active,True
144,2363243934,Arthur,Schmidt,Dr. Arthur Schmidt,Anesthesiology,517.373.1806x3254,old_jill08@example.net,907 Ingram Well Suite 257,Port Courtneyfurt,GA,91039,OH369525,NC,2026-07-17,True,False,29,Schmidt-Phillips Medical School,2010,"Wolfe-Salazar Hospital, Norton, French and Miller Hospital","Chinese, English, Spanish",Email may be inactive,2025-09-30,active,True
145,7547648071,Michael,Williams,Dr. Michael Williams,Endocrinology,(757)590-5528x1832,michael.williams@wilson.org,355 Gordon Manors,Brianstad,OH,45750,NY780137,TX,2026-09-12,True,True,20,Tucker-Rose Medical School,2013,"Harrison PLC Hospital, Bryan, Lam and Hayes Hospital","French, Spanish",,2025-04-05,active,True
146,2731178768,Micheal,Nunez,Dr. Micheal Nunez,Pediatrics,001-613-371-1624x112,micheal.nunez@hernandez.com,8275 Wallace Rue Apt. 431,Port Lauriehaven,CA,84999,PA419973,FL,2027-08-03,False,False,24,Jenkins-Cooper Medical School,2009,"Buchanan, Tucker and Wade Hospital","English, French",,2024-08-19,active,False
147,9774615224,Alyssa,Kelley,Dr. Alyssa Kelley,Rheumatology,449.724.2437x540,alyssa.kelley@bryant-jackson.com,22231 Victoria Ports Apt. 745,East Anna,IL,05047,MI947167,TX,2025-08-25,False,True,20,"Stewart, Cooper and Watson Medical School",1994,"Cantrell, Ferguson and Martinez Hospital, Sullivan Group Hospital, Gould LLC Hospital",English,License may be expired,2024-06-08,active,False
148,8733392347,Eric,Cordova,Dr. Eric Cordova,Dermatology,+1-985-747-4929,eric.cordova@rodriguez.net,0693 Howard Islands,New Danielleshire,GA,69501,NC464619,CA,2027-10-11,False,True,31,Harrington LLC Medical School,1996,"Johnson PLC Hospital, Rhodes-Rosario Hospital","Arabic, Spanish",Provider may have relocated,2024-11-21,active,False
149,9546803544,Theresa,Foster,Dr. Theresa Foster,Obstetrics & Gynecology,259.698.0562x6565,theresa.foster@bell-madden.net,76742 Chandler Mall,Port Brenda,NC,11783,IL904377,GA,2025-12-23,True,False,27,Clark Group Medical School,1994,"Hatfield, Jones and Choi Hospital, Davis-Ortiz Hospital, Perry-Peters Hospital","Spanish, Arabic",,2024-10-26,active,False
150,9252154715,Jennifer,Fischer,Dr. Jennifer Fischer,Obstetrics & Gynecology,(632)964-8704,jennifer.fischer@singh.com,7146 Travis Spurs Apt. 014,Gambleland,TX,78998,NY566601,NY,2026-09-17,False,True,14,"Cox, Castillo and Graham Medical School",2019,"Burton-Alvarez Hospital, Cardenas, Brooks and Quinn Hospital",Chinese,,2024-11-23,active,False
151,4784161180,Andres,Green,Dr. Andres Green,Anesthesiology,233.989.8881x67112,andres.green@fields-friedman.com,8183 Kathy Rapid Apt. 855,Josephstad,IL,13062,NY822620,TX,2028-02-10,False,False,12,"Carpenter, Morrow and Smith Medical School",1996,"Campbell, Maxwell and Jenkins Hospital, Garcia and Sons Hospital",Chinese,Phone may be outdated,2025-09-02,active,True
152,7758281778,Michael,Vazquez,Dr. Michael Vazquez,Radiology,(579)485-2401,michael.vazquez@thomas.com,1107 Williams Coves,Port Donnashire,OH,08269,NC982161,OH,2026-10-01,False,True,4,Wilson-King Medical School,2006,"Turner Inc Hospital, Patton PLC Hospital, Matthews and Sons Hospital",Arabic,,2025-05-17,active,False
153,1730816711,Jack,Bell,Dr. Jack Bell,Cardiology,524-395-5289,jack.bell@weiss.net,342 Teresa Courts,New Melissa,MI,62722,OH430020,NY,2026-07-25,False,True,11,Wolfe-Lopez Medical School,1990,"Rosario, White and Kelly Hospital, Coleman-Palmer Hospital, Rodriguez-Rollins Hospital","French, English",,2023-12-12,active,True
154,1459403502,David,Rodriguez,Dr. David Rodriguez,Obstetrics & Gynecology,(375)848-0157,david.rodriguez@bryant-fitzgerald.info,646 Melissa Ville,Crosbystad,NY,24001,MI369033,FL,2026-02-17,True,True,4,Lutz Group Medical School,2002,"Garcia, Kim and Barrett Hospital","Hindi, Chinese",,2025-08-09,active,False
155,2549994388,Christopher,Thomas,Dr. Christopher Thomas,Family Medicine,(891)921-5353x9613,christopher.thomas@hubbard-miranda.org,657 Archer Pass Suite 271,West Tracybury,NC,82862,CA581300,FL,2027-05-09,True,False,27,Johnson Ltd Medical School,2011,Greer Group Hospital,"Chinese, French",,2024-07-20,active,False
156,8673140846,Erika,Stanton,Dr. Erika Stanton,Internal Medicine,(695)924-9911x8773,erika.stanton@wagner-daniels.net,61675 Ramos Camp,East Angelaport,TX,93045,NY677672,GA,2026-09-01,False,True,8,Henry and Sons Medical School,1997,Baldwin-Freeman Hospital,"Arabic, Hindi",,2024-04-02,active,False
157,4424891571,Daniel,Leonard,Dr. Daniel Leonard,Internal Medicine,+1-888-797-7828x06479,daniel.leonard@flores-johnson.com,5905 Davis Key,Robertton,GA,87171,PA600847,NY,2027-10-24,False,True,1,Wright Ltd Medical School,1991,Watkins-Lozano Hospital,Spanish,Provider may have relocated,2024-01-31,active,False
158,4627474679,Cameron,Torres,Dr. Cameron Torres,Psychiatry,863.651.4846x8536,cameron.torres@hudson-morris.com,35785 Christina Lakes Suite 371,West Joseph,MI,39471,CA244257,OH,2028-01-22,False,True,20,"Morales, Perez and Newton Medical School",2020,"Robbins PLC Hospital, Vargas LLC Hospital, Knight PLC Hospital","Hindi, Spanish, French",Phone may be outdated,2023-12-03,active,False
159,1039723902,Colleen,Chavez,Dr. Colleen Chavez,Obstetrics & Gynecology,001-282-508-2973x74896,colleen.chavez@ford-allen.com,5136 Colon Rue Apt. 493,Allenberg,PA,25655,NC591412,IL,2027-12-20,False,False,19,Sanchez LLC Medical School,1986,"Washington-Esparza Hospital, Lucas-Johnson Hospital",Hindi,,2025-05-23,active,True
160,2283444788,Erik,Taylor,Dr. Erik Taylor,Family Medicine,923-747-6490,erik.taylor@powers-blackwell.biz,19818 Crawford Course,New David,FL,41580,GA577214,FL,2027-12-06,False,False,27,Collier-Mclaughlin Medical School,2015,"Manning, Walls and Robinson Hospital","French, Hindi",Phone may be outdated,2024-01-19,active,True
161,6394146550,Holly,Rodriguez,Dr. Holly Rodriguez,Dermatology,+1-667-234-2575,holly.rodriguez@rasmussen.com,8645 Amanda Freeway,Pricefurt,FL,33994,GA837883,NC,2026-02-09,True,False,15,Davis-Carson Medical School,1990,"Evans and Sons Hospital, Welch-Suarez Hospital, Sullivan, Johnson and Delacruz Hospital","Chinese, Arabic, Spanish",Specialty verification needed,2024-01-29,active,False
162,6083646181,Madeline,Shepard,Dr. Madeline Shepard,Radiology,765.961.2481x5698,madeline.shepard@johnson.info,63459 Daniel Gateway,Port Brooke,GA,54281,NY373839,OH,2024-11-02,False,True,18,Hayes-Russo Medical School,1997,"Green Ltd Hospital, Serrano, Marsh and Gonzalez Hospital, Richardson-Long Hospital","Arabic, French",License may be expired,2024-02-28,active,False
163,6193819320,Nicholas,Davenport,Dr. Nicholas Davenport,Psychiatry,001-530-608-9317,old_jessica36@example.org,15291 Jennifer Mews Suite 713,East Sophia,NC,35392,FL481385,PA,2026-01-02,False,False,9,Francis-Reyes Medical School,1987,Gates-Greene Hospital,"English, Chinese",Email may be inactive,2025-04-03,active,False
164,1478115371,Ricky,Thomas,Dr. Ricky Thomas,Anesthesiology,743-897-3597x1072,ricky.thomas@lewis.org,18005 Thomas Knoll Apt. 048,Turnerfurt,CA,88484,CA292507,TX,2026-09-12,False,True,19,Anderson-Mcclain Medical School,2017,"Carpenter LLC Hospital, Gordon LLC Hospital, Anderson-Stewart Hospital","English, French, Spanish",,2024-10-27,active,False
165,4928193758,Alyssa,Thomas,Dr. Alyssa Thomas,Pulmonology,650-627-4564,alyssa.thomas@edwards.info,703 Brian Falls,South Jorgemouth,GA,57704,OH908927,NC,2028-05-07,False,False,26,Carney Group Medical School,1992,Alexander Ltd Hospital,"Spanish, Chinese, French",,2023-11-05,active,True
166,6979130399,Ann,Ellis,Dr. Ann Ellis,Dermatology,621-551-3422,ann.ellis@bolton.com,37150 Maldonado Springs Apt. 659,Port Marcustown,GA,11126,CA876930,CA,2027-11-12,True,False,27,Rivas-Keller Medical School,2009,"Fuller-Adams Hospital, Smith, Booker and Douglas Hospital, Nguyen-Dennis Hospital","English, Arabic, Hindi",,2024-06-29,active,False
167,8862865478,Jessica,Bernard,Dr. Jessica Bernard,Endocrinology,001-823-304-5018,jessica.bernard@scott-allen.biz,32664 David Overpass,Fitzgeraldport,PA,90280,IL703450,IL,2027-08-24,False,False,11,"Anderson, Wade and Collier Medical School",2006,"Gonzalez, Griffin and Hughes Hospital","Hindi, English, Spanish",Specialty verification needed,2025-04-14,active,False
168,3937318955,Joseph,Burke,Dr. Joseph Burke,Psychiatry,765-992-6610,joseph.burke@walker.info,1794 Scott Common Apt. 172,Port Phillip,FL,56564,NC466848,NC,2028-01-23,False,False,8,Carroll-Arnold Medical School,1984,Palmer PLC Hospital,"Chinese, Hindi",Address verification needed,2023-12-22,active,False
169,2867424678,Christopher,Mcdowell,Dr. Christopher Mcdowell,Orthopedic Surgery,659-377-9452x3219,christopher.mcdowell@ferguson-smith.com,77697 Montgomery Ridges,Hannahfurt,CA,40170,NC617394,FL,2028-05-23,True,True,40,Martinez Inc Medical School,2016,"Rodriguez Inc Hospital, Waller, Trevino and Clark Hospital, Thomas, Allen and Wilkinson Hospital",Chinese,,2024-01-19,active,True
170,9347310554,Michele,Ryan,Dr. Michele Ryan,Radiology,447-927-6012,michele.ryan@ruiz-heath.org,49605 Curtis Vista,Pettyfort,OH,97111,IL668922,OH,2025-01-01,True,False,14,"Larson, Spencer and Roberts Medical School",1986,"Ross-Palmer Hospital, Carr, Gregory and Velasquez Hospital","French, Chinese, Arabic",License may be expired,2025-07-03,active,True
171,7960181483,Tony,Klein,Dr. Tony Klein,Emergency Medicine,906.895.8146x71795,tony.klein@martin.com,97167 Young Point,North Michaelview,TX,62409,GA723690,OH,2028-02-12,True,False,40,Howell LLC Medical School,2003,"Curry, Estrada and Anderson Hospital","English, Chinese",Address verification needed,2024-04-07,active,True
172,5288744338,Michael,Moore,Dr. Michael Moore,Emergency Medicine,701.256.1931x83745,old_lori13@example.com,077 Theresa Tunnel,Port Annahaven,CA,14317,OH701924,TX,2027-12-28,False,False,38,Soto and Sons Medical School,2020,"Moore-Carter Hospital, Gill-Jimenez Hospital, Moore LLC Hospital","Chinese, English",Email may be inactive,2025-01-13,active,False
173,4055461508,Tara,Hammond,Dr. Tara Hammond,Pulmonology,7378548214,tara.hammond@soto-sanchez.net,26667 Acevedo Mills Apt. 081,West Leroyburgh,OH,57395,FL823778,GA,2028-06-06,False,True,2,Long Inc Medical School,2003,"Nielsen, Hernandez and Andrews Hospital, Whitney, Lloyd and Liu Hospital, Barnes-Blackwell Hospital","Arabic, French",,2025-06-05,active,False
174,8929680884,Jaclyn,Russo,Dr. Jaclyn Russo,Anesthesiology,001-955-704-8926x7389,jaclyn.russo@sullivan.com,2884 Christopher Plaza Suite 852,North Pamelaside,NY,78161,FL920055,FL,2027-10-10,True,True,32,Allen-Schroeder Medical School,2015,"Henderson, Wagner and Dennis Hospital, Green-Romero Hospital","French, Chinese, English",,2025-04-11,active,True
175,4372939183,David,Sherman,Dr. David Sherman,Pathology,574-790-7539,david.sherman@mitchell-glover.org,683 Mark Prairie,Port Kimberly,NC,60048,OH657545,IL,2028-01-06,False,True,27,Thomas Group Medical School,2003,Miller-Brown Hospital,Arabic,,2024-08-17,active,False
176,1536002794,Pamela,Alvarez,Dr. Pamela Alvarez,Cardiology,815.986.9886x497,pamela.alvarez@galvan.com,277 Tammy Passage,Lake Jasonfort,IL,04774,PA447989,NC,2028-05-12,False,True,16,"Moore, Hansen and Dorsey Medical School",2009,"Guzman Group Hospital, Martinez PLC Hospital",Spanish,,2024-04-30,active,True
177,8452640998,Keith,Mills,Dr. Keith Mills,Oncology,454-854-4702,keith.mills@zuniga.com,70185 Monica Mall,Berryshire,OH,59794,OH536023,OH,2026-01-09,False,False,7,Harrington-Alvarez Medical School,1990,"Bass, Anderson and Taylor Hospital, Murray, Cole and Cole Hospital",Chinese,,2024-02-12,active,False
178,7030549711,Michelle,Nguyen,Dr. Michelle Nguyen,Internal Medicine,+1-496-263-6580x741,michelle.nguyen@mccoy.com,98909 Karen Parkway,North Dominiqueside,IL,24060,MI203944,IL,2027-08-29,False,False,34,Hill and Sons Medical School,2015,"Gallegos PLC Hospital, Miller-Ferguson Hospital","Arabic, French, English",,2024-05-01,active,False
179,6678361284,Luke,Chapman,Dr. Luke Chapman,Obstetrics & Gynecology,305.462.6085x6411,luke.chapman@thomas-scott.com,6209 White Station,West Petermouth,PA,19173,MI339294,CA,2027-06-12,True,True,14,Orozco-Scott Medical School,2008,"Williams and Sons Hospital, Willis, Vasquez and Goodwin Hospital, Avery-Adams Hospital",Spanish,,2024-06-21,active,True
180,9253070030,Lucas,Tran,Dr. Lucas Tran,Pediatrics,370-563-0489,lucas.tran@pearson.info,832 Fernandez Extension,New Stephanie,NC,73265,OH498107,GA,2026-01-12,False,False,23,Williams-Hess Medical School,1998,"Roberts, Stanton and Smith Hospital, Nelson-King Hospital, James, Bell and Chen Hospital","French, Hindi",,2024-02-27,active,False
181,5203355293,Brenda,Dixon,Dr. Brenda Dixon,Pathology,4286914161,brenda.dixon@clark-wagner.com,474 Eileen Islands Suite 379,Allenberg,MI,85231,TX210418,NC,2028-08-17,True,True,14,Lynch Inc Medical School,1987,Chambers Group Hospital,"French, Arabic, English",,2024-06-19,active,True
182,5863088205,Angela,Horton,Dr. Angela Horton,Oncology,868.411.8071x5695,angela.horton@terrell.com,30453 Lisa Road Suite 337,Benjaminfort,CA,92781,TX416731,CA,2026-06-24,True,False,31,"Obrien, Smith and Joyce Medical School",1985,"Foster, Kane and Carroll Hospital",Hindi,Provider may have relocated,2024-06-13,active,True
183,8102688902,Troy,Arnold,Dr. Troy Arnold,Ophthalmology,+1-699-592-1921x24938,troy.arnold@johnson.org,870 Davidson Run Apt. 566,Davidhaven,IL,61657,OH697154,NY,2026-09-05,False,True,39,Ward-Blake Medical School,2011,"Walker, Ramirez and Fisher Hospital",French,,2023-12-14,active,False
184,8749236438,Shane,Smith,Dr. Shane Smith,Neurology,551.490.3613,shane.smith@collins-garrett.com,00651 Bryan Unions,Brownchester,TX,44225,NC235095,TX,2027-10-22,False,False,35,"Bauer, Harding and Parsons Medical School",2012,"Gonzales, Davis and Griffin Hospital",Arabic,Address verification needed,2024-02-04,active,False
185,9777335616,Cameron,Byrd,Dr. Cameron Byrd,Psychiatry,+1-204-966-1963,cameron.byrd@marshall-patterson.org,0785 Daniel Bridge,New Kristineborough,NC,75633,CA772330,NY,2028-04-23,True,True,25,Walsh LLC Medical School,1996,"Fisher-Hardy Hospital, Lopez-Taylor Hospital","Hindi, Spanish, Arabic",,2024-07-21,active,True
186,1141006440,Bradley,Anderson,Dr. Bradley Anderson,Orthopedic Surgery,001-968-654-9822,bradley.anderson@cooper.org,38806 Gonzalez Flats,Port Casey,MI,25320,PA150350,MI,2027-06-07,False,False,38,"Alvarez, Holt and Mcdonald Medical School",1981,"Rivera, Lane and Mccarty Hospital",French,,2023-12-08,active,True
187,6552190054,Christina,Barnes,Dr. Christina Barnes,Neurology,(917)507-3033,christina.barnes@castillo.biz,2050 Michael Point,East Kellyborough,IL,83251,TX109864,CA,2028-05-03,True,True,38,"Durham, Ward and Hester Medical School",1997,"Gonzalez and Sons Hospital, Mcclure Ltd Hospital, Morgan PLC Hospital","Arabic, French",,2025-06-20,active,True
188,2863537193,John,Gonzalez,Dr. John Gonzalez,Ophthalmology,(641)902-6153,john.gonzalez@wood.com,112 Laura Fields Suite 559,Rowlandbury,MI,06555,GA537949,NC,2027-09-01,False,True,28,"Matthews, Dickerson and Phillips Medical School",2012,"Murphy Inc Hospital, Flynn, Salas and York Hospital, Blackwell, Clark and Miller Hospital",French,,2025-06-17,active,True
189,3549089841,Thomas,Alvarado,Dr. Thomas Alvarado,Cardiology,428-768-5787,thomas.alvarado@brooks.info,90789 Simmons Mountain Suite 657,Joshuatown,GA,75391,NY899827,FL,2028-07-25,True,True,36,Walls LLC Medical School,2019,"Pierce-Taylor Hospital, Phillips PLC Hospital","Arabic, Spanish",Address verification needed,2024-09-30,active,True
190,2597620155,Hayden,Hall,Dr. Hayden Hall,Oncology,+1-315-714-8881x4311,hayden.hall@payne.com,751 Singleton Meadow Suite 377,West Donberg,NY,53684,FL805737,MI,2026-07-07,True,True,4,"Todd, Smith and Valdez Medical School",1992,"Grimes and Sons Hospital, Cummings and Sons Hospital, Hall-Matthews Hospital","English, Hindi, French",Address verification needed,2024-04-30,active,False
191,9909929050,Kevin,Rojas,Dr. Kevin Rojas,Neurology,255.436.6684x5909,kevin.rojas@rowland.org,3618 Lopez Coves Suite 974,East Damonside,PA,23784,NY291459,NY,2028-02-07,True,True,15,Serrano PLC Medical School,1986,Johnson-Gonzalez Hospital,"Chinese, Hindi",,2025-05-07,active,True
192,2374647862,Rhonda,Cruz,Dr. Rhonda Cruz,Neurology,234.481.7058,rhonda.cruz@heath-jenkins.com,7901 Lucas Motorway Suite 469,South John,MI,21312,PA289862,GA,2026-11-22,False,True,34,"Andrews, Collins and Harris Medical School",2004,"Cohen, Hill and Smith Hospital, Griffin Group Hospital, Aguirre, Fox and Kent Hospital","Hindi, Arabic",Address verification needed,2024-06-29,active,False
193,6137387908,Rachel,Quinn,Dr. Rachel Quinn,Orthopedic Surgery,362.591.6032x484,old_mckenzie20@example.net,18567 Johnny Parkways Apt. 701,Jamesfurt,PA,25981,CA900155,TX,2027-08-06,False,True,20,Johnson-King Medical School,1988,"Stark, Murphy and Goodman Hospital, Murray-Miller Hospital, Allen, Dodson and Taylor Hospital","French, Chinese, Spanish",Email may be inactive,2025-03-22,active,True
194,2390555288,Craig,Phillips,Dr. Craig Phillips,Cardiology,+1-462-510-4275,old_susandavis@example.net,4709 Brandon Lane,East Nicholas,FL,31766,MI409656,MI,2028-04-28,True,True,32,Davis Group Medical School,2018,"Hays LLC Hospital, Frazier Inc Hospital","Spanish, Arabic, Chinese",Email may be inactive,2024-03-13,active,True
195,8840521259,Gary,Jackson,Dr. Gary Jackson,Pulmonology,001-825-525-7150x997,gary.jackson@morris-smith.com,3731 Santos Land,North Nicolechester,NC,40023,FL337021,GA,2025-11-18,False,False,5,"Porter, Mooney and Marquez Medical School",2000,"Jackson, Haley and Greene Hospital, Horton, Gregory and Compton Hospital","Chinese, English, French",Phone may be outdated,2024-09-29,active,True
196,7879554105,Wesley,Bush,Dr. Wesley Bush,Pulmonology,339.968.5270,wesley.bush@brooks.com,3039 Stevenson Isle,West Lonnie,NC,05692,PA656260,CA,2027-10-28,True,False,32,"Conner, Perry and Hess Medical School",2016,"Perez Ltd Hospital, Cooper-Harris Hospital, Knox Ltd Hospital","Chinese, French",Phone may be outdated,2024-09-17,active,False
197,8126076649,Chad,Lee,Dr. Chad Lee,Orthopedic Surgery,+1-923-621-2983x3816,chad.lee@griffith.biz,344 Faulkner Flats,Michellefort,MI,10988,GA837232,GA,2027-07-28,False,True,24,Sanders-Jackson Medical School,2017,"Henderson-Lynch Hospital, Wolf-Weiss Hospital, Smith-James Hospital","Hindi, Spanish, Chinese",,2023-11-17,active,False
198,6736817369,Melissa,Blake,Dr. Melissa Blake,Endocrinology,998-328-2467x4746,melissa.blake@taylor-harrison.com,08576 Bentley Summit,Patrickport,PA,84524,IL144997,NY,2025-03-22,True,True,39,"Jones, Dyer and Riddle Medical School",1996,"Cruz PLC Hospital, Lee Group Hospital, Wise-Walton Hospital",Arabic,License may be expired,2024-06-13,active,True
199,2501466943,Michael,Fletcher,Dr. Michael Fletcher,Endocrinology,+1-950-466-3370x5024,old_sarahsanders@example.com,16691 Nancy Expressway,Kingport,IL,66121,PA419471,OH,2026-12-25,True,False,11,"Barrett, Reyes and Parker Medical School",2015,"Goodwin-Glass Hospital, Rodriguez PLC Hospital, Olsen-Adams Hospital","English, French",Email may be inactive,2024-01-27,active,True
200,8162502848,Adam,Jackson,Dr. Adam Jackson,Endocrinology,401.516.8646x2252,old_ortegakristina@example.org,30234 Alexander Road,Port Danaland,PA,38921,PA839772,OH,2026-02-08,True,True,15,Gray LLC Medical School,2008,"Peterson PLC Hospital, Woods Ltd Hospital, Smith LLC Hospital","Spanish, Arabic",Email may be inactive,2024-06-20,active,True
